word,value
The,25
of,22
and,52
is,15
I,0
in,24
shall,25
to,19
Be,33
&,26
not,43
a,5
my,39
For,36
are,32
all,7
me,34
thou,47
it,9
there,52
that,26
But,54
am,26
ye,31
this,27
With,20
Let,23
o,10
will,10
as,20
them,46
they,43
one,47
thy,30
he,16
prophet,57
Thee,38
then,49
her,30
you,53
love,46
secret,66
at,14
by,38
if,12
law,14
upon,63
no,34
your,67
or,24
unto,68
These,53
Who,21
death,53
do,33
him,24
joy,35
men,58
also,31
ever,62
from,57
light,24
shalt,33
word,55
Come,46
his,18
their,39
earth,44
before,82
book,57
feast,54
heart,44
Now,42
She,31
art,28
because,93
God,44
Hadit,40
King,52
None,71
nor,48
so,25
up,29
Worship,54
chosen,67
down,65
have,43
on,34
what,25
another,78
Behold,70
fear,44
house,66
man,50
name,63
Nuit,58
woman,68
words,70
an,29
child,29
ecstasy,77
Every,80
know,59
lord,48
Nu,49
other,49
our,49
star,43
than,41
thine,49
through,75
us,40
work,49
yet,40
Beast,62
fire,39
give,46
Gods,59
gold,45
heaven,80
into,43
its,24
lift,22
ordeals,81
power,49
priest,55
rituals,69
say,38
see,41
stars,58
which,16
wilt,18
about,69
among,71
any,47
blood,64
body,71
eyes,59
fall,19
flame,52
fools,48
force,51
kings,67
known,83
little,33
lust,50
make,56
ones,62
only,53
purple,61
Ra-Hoor-Khuit,110
rapture,84
rich,19
said,43
splendour,129
strength,98
therefore,101
therein,76
under,99
world,56
Write,44
after,53
Ah,8
black,45
bride,70
Burn,83
cometh,58
curse,69
die,36
drink,78
first,50
go,21
half,21
hand,55
hearts,59
infinite,82
key,48
Khabs,60
knowledge,120
lie,14
life,26
may,44
mine,58
nothing,81
perfect,67
Red,50
serpent,92
though,61
thus,52
thyself,71
veil,36
We,21
well,23
when,48
adore,65
against,69
Ankh-af-na-khonsu,189
aright,42
Beware,73
blue,59
change,58
Circle,32
comment,100
day,46
Delight,60
desire,78
eat,27
eight,36
exceed,70
feel,39
find,59
follow,42
folly,42
forth,48
glory,54
great,52
hast,32
hath,20
head,44
Hold,37
letters,74
long,46
lovely,65
must,70
number,117
Pity,31
proof,50
pure,56
Ra,19
rejoice,59
seek,58
Snake,74
strong,83
sword,70
thereof,74
Three,52
warrior,65
way,31
ways,46
why,29
writing,66
4,4
Abrahadabra,119
always,52
aught,53
Aum,51
beyond,108
blind,68
bring,69
call,9
called,45
can,31
cast,31
chance,49
Children,80
Choose,53
concealed,93
dead,64
destroy,102
done,70
East,42
easy,51
end,60
enemies,99
Equinox,94
fill,14
fool,33
four,61
fresh,57
given,70
hail,9
Hoor,37
jewels,57
joys,50
Khu,45
Kill,19
kiss,47
kisses,75
knowest,96
laugh,45
learn,57
left,35
lest,38
look,38
made,62
more,58
mysteries,118
nought,82
old,34
Ordeal,66
out,44
pain,33
palace,30
people,45
place,25
pride,54
princes,72
sacred,72
sacrifice,63
sad,43
sake,50
Scarlet,59
servants,117
silver,65
slaves,71
slay,39
space,39
stand,76
still,26
stops,53
strike,68
Success,87
sun,64
take,44
temple,61
things,62
tongue,92
turn,72
understand,175
voluptuous,146
wand,60
War,27
where,51
whole,35
whoso,46
wise,36
women,76
worshipped,94
3,3
Abide,61
above,70
Accurséd,99
alone,53
answered,115
arise,47
arms,55
Asar,39
awake,48
Aye,36
back,44
Battle,57
Bear,52
beautiful,110
Beauty,90
beggar,74
better,78
blessing,99
bliss,51
breed,83
brothers,98
brows,67
burning,118
canst,55
centre,75
centuries,115
close,41
coiled,49
colour,62
Compassion,106
continuous,144
covered,97
damned,109
danger,90
deem,70
deep,53
Despise,83
despised,106
difference,126
dissolution,132
divided,104
division,94
does,61
dog,44
dogs,59
door,57
drunkenness,207
each,23
eleven,86
Empress,95
English,67
Enough,86
establish,81
even,72
existence,95
expect,47
fallen,56
fight,35
filthy,43
fine,49
flesh,44
floor,47
folk,40
forbidden,139
gates,53
gather,55
glad,40
greater,79
Had,31
hair,22
hard,45
hate,30
Hawk-headed,113
Hell,18
Help,21
hereafter,96
hidden,86
hide,39
hiding,61
highest,54
hither,42
Holy,32
hour,52
hurt,51
ill,2
image,50
incense,91
ink,41
invisible,95
Invoke,86
invoking,108
Isa,20
joyous,85
kept,43
L,1
last,30
laughter,81
leave,54
letter,59
live,36
lofty,50
love’s,61
Lover,60
low,19
manifestation,147
many,68
master,77
means,78
Mentu,92
moon,65
most,55
much,51
mystery,108
naked,82
nay,47
never,86
night,47
numbers,132
oil,11
open,51
order,74
over,59
own,42
paper,40
pass,39
peace,37
pen,41
perfume,102
perfumes,117
perish,49
pleasure,90
proud,76
Queen,91
R,14
Ra-Hoor-Khu,101
Raise,47
Reason,81
refuse,92
remains,92
Remember,129
reveal,68
revealed,104
reward,77
right,37
righteous,100
ritual,54
rule,53
save,55
saying,73
scribe,64
seat,42
second,87
sense,80
servant,102
set,37
show,36
sign,50
Since,54
sink,56
sky,50
smite,58
some,59
sorrow,71
sorrows,86
sorry,71
soul,51
speak,54
spell,34
spells,49
spit,28
stélé,51
stir,38
style,56
Supreme,105
sweet,58
swift,44
swoon,67
system,91
teach,32
Tear,41
tell,24
Thebes,73
thereby,90
thick,31
thing,47
Think,53
throne,73
time,43
times,58
trample,67
two,27
understood,166
unite,71
unveiling,120
utterly,89
uttermost,125
value,66
Vengeance,127
vices,52
victorious,107
water,49
weak,43
wear,40
were,48
West,45
whom,42
wine,45
wines,60
wingèd,79
wings,58
wisdom,77
within,44
written,77
X,6
11,11
2,2
24,24
418,418
6,6
718,718
8,8
89,89
abased,81
Abomination,128
Abramelin,103
Abrogate,87
absolve,86
abstruction,133
accursèd,99
achieve,58
add,51
adorant,90
adorations,115
Adorer,79
adulterous,140
aeons,67
afterward,103
again,45
agelong,75
Ahathoor,59
Aiwass,48
alienate,70
all-touching,91
aloud,64
Alphabet,60
already,79
altar,34
Amen,63
Amn,50
an-hungered,155
animal,56
ANKH-F-N-KHONSU,179
anything,94
apostle,57
apparel,46
appeal,32
Appear,45
arched,60
ardours,106
argue,68
argument,122
armies,68
armour,89
around,101
arouse,82
asks,52
assuage,89
assume,94
attack,47
attribute,104
avail,33
availest,70
availeth,58
away,36
awful,51
axle,25
azure,76
azure-lidded,159
B,20
babe,58
Bahlasti,58
balanced,93
bare,52
bathing,72
beasts,77
beat,47
beauteous,135
beautifully,129
beauty’s,105
become,79
bed,56
beds,71
been,70
beetles,84
Begone,91
being,68
bend,80
bending,115
bends,95
Bes-na-Maut,137
best,57
between,100
Bid,43
big,31
Bind,67
blasphemy,100
blessed,100
blessèd,100
blindness,135
blue-lidded,142
bond,77
bosom,76
both,42
bottom,79
bound,102
bowels,67
brass,69
breast,76
breath,64
breathe,77
breathed,100
bright,57
brilliance,80
Buddhist,118
burnest,120
burns,98
burnt,92
business,127
buy,63
cakes,52
calling,44
calls,24
cannot,74
care,34
caress,64
caressed,100
catch,21
cattle,39
centres,90
certain,67
certainty,94
charge,48
chaste,47
chief,30
circumference,155
City,29
claws,31
clear,35
clerk-house,113
cluster,79
coiling,48
cold,36
company,84
complement,118
Concubine,120
confound,130
Conquer,104
conqueror,128
Conquest,114
consciousness,170
console,75
consoled,98
consoler,89
consume,110
contents,106
continuity,121
convert,94
convey,89
Coph,19
copy,34
core,39
count,70
courage,80
cowards,77
cower,47
crapulous,101
crawl,30
creation,77
creeds,80
creeping,81
cries,44
cross,56
crown,58
crushed,95
cry,34
cube,60
curses,84
damn,73
dare,55
dark,59
daughter,103
days,61
deadlier,92
deal,42
decided,97
defunct,108
delicacy,64
delicious,89
delivered,122
demand,109
deny,78
depart,68
desert,87
desirable,104
desires,93
Desolation,110
devour,107
dew,44
didst,70
Din,47
dine,60
dire,50
direful,88
disappear,83
discover,99
discuss,95
disposed,103
disregards,133
dissolve,99
Divide,81
divine,82
Dost,57
doth,45
Double,92
double-wanded,188
doubt,87
dove,68
Drag,53
drawn,74
dread,78
dress,80
droop,61
dropping,90
drugs,88
drunk,103
Dung,83
dusk,80
dust,72
dwell,46
dying,76
eagerly,75
earnestly,112
eating,62
egg,35
eighteen,86
Eighties,64
eighty,54
elements,109
else,42
emblems,104
emphatically,82
empty,65
ending,95
enginery,117
enjoy,72
enter,73
enthroned,133
entrap,69
equation,102
especial,53
eternal,79
Eternity,100
everywhere,131
evil,36
exalt,34
excellent,82
exhaust,76
exhausted,112
Exorcist,69
expected,83
expiration,85
exposure,100
expound,105
extended,124
eyesight,82
face,32
factor,52
fade,53
faery,62
fail,18
failure,70
faint,50
faith,29
Fates,54
feasts,69
feet,47
fell,27
fellows,60
fever,74
few,33
fierce,54
fifth,36
fifty,51
Five,47
flaming,74
flap,22
flow,31
flowers,73
fly,31
foam,48
fold,46
foods,70
foolish,51
forbid,79
forest,73
forge,60
forsaken,110
forth-speaker,129
Forties,73
Fortify,75
fortress,102
found,94
fourfold,107
foursquare,149
fourth,73
friends,101
full,39
fullness,106
further,90
G,11
garment,97
garments,112
gemmèd,102
Get,33
girders,90
girt,34
giver,60
gives,61
giveth,58
gladness,107
glass,47
gleam,51
globe,55
globèd,78
glorious,86
good,54
goodly,73
goods,69
Grades,81
grave,65
green,75
greet,60
gross,65
group,64
gums,72
Ha,8
hands,70
hangs,58
Harder,72
hardly,64
harlot,42
harm,43
Hawk’s,48
headdress,124
Hear,35
Heathen,70
Hell’s,33
here,43
Hermit,60
hermits,75
herself,71
Heru-pa-kraath,117
Heru-ra-ha,82
Hierophant,85
Hierophantic,87
higher,44
himself,65
Ho,13
holier,41
homeward,97
honey,68
honour,86
Hoor-pa-kraat,96
Hoor-paar-kraat,115
hope,30
host,37
how,21
Hrumachis,88
hundred,125
hurting,86
ill-ordered,112
images,65
indeed,96
Indian,76
initiating,82
innermost,130
innocence,112
inspiration,105
inspired,93
intellect,72
intimate,81
inviolate,84
island,68
itself,50
jasmine,85
jasper,58
Jesus,75
Jews,43
judgments,148
just,56
K,17
Ka,22
Kaaba,52
keen,67
Khephra,59
Khuit,54
Khut,54
Kiblah,46
kin,41
kinsfolk,96
kissing,82
knew,62
knewest,99
knower,86
knoweth,84
knowing,94
laid,29
lambent,93
languor,90
lapis,25
large,44
laughterful,119
lazuli,51
leaping,58
leavings,91
length,61
liars,35
lifted,58
Lighten,61
lightening,96
like,31
likest,55
limbs,57
line,38
listen,62
lithe,26
lives,51
loathing,63
locked,66
longer,73
longing,81
lords,63
lose,39
loud,59
love-chant,89
love-song,106
Lurk,57
lying,54
M,21
Magician,68
magnificent,121
makest,80
mantras,93
manyhood,114
Mary,58
mask,58
masked,94
masses,84
matter,71
meal,40
meanest,100
meaneth,88
meaning,98
meetest,93
meetings,106
Mercy,68
mere,61
Middle,81
midnight,91
might,44
mightier,71
mighty,62
million,57
mingle,70
minister,96
miraculous,118
misery,81
miss,51
mistake,80
mix,27
mockers,92
modest,91
Mohammed,117
Money,86
Mongol,77
monthly,86
Moreover,117
mountain,118
multiply,79
mystic,65
mystical,71
naming,85
nations,87
neither,76
nemyss,106
new,45
Nia,29
nigh,38
night-blue,106
night-sky,97
night-stars,105
nine,61
ninety,88
nowhere,85
obeah,51
Obey,61
object,61
obtain,68
odds,71
off,34
Oh,13
olive,46
omnipresence,153
Ompehda,79
once,49
original,65
orison,73
others,64
outcast,75
overcome,105
overmuch,110
oversee,100
overthrow,103
Ox,16
P,4
Pale,23
pall,11
particle,48
passionate,100
Paste,46
peck,36
penetrant,115
peoples,60
perchance,80
performed,124
peril,32
pestilence,94
pillars,40
pinnacles,88
pit,13
play,28
Pointed,83
poor,38
position,72
pour,53
poured,89
poverty,90
powerful,87
precious,83
presence,98
presently,111
priestess,98
prince-priest,112
printed,87
professional,123
promise,77
promises,92
prophets,72
protect,61
purged,90
purpose,85
push,47
Put,38
quarter,96
quarters,111
questions,127
quickly,79
Ra-Hoor-Khu-it,110
Ra-Hoor-Khut,110
Ra’s,34
rain,43
rapid,46
rapturous,121
rare,46
rays,52
readeth,80
reading,90
ready,73
redeem,97
refine,76
refuge,88
regenerate,129
regret,74
reign,62
rejoicing,81
remain,77
reproduction,148
resinous,116
rest,51
Restriction,110
result,77
revealing,103
reverence,128
rightly,56
rise,42
risk,46
robe,57
rose,52
royal,48
rules,68
run,63
runes,91
S,15
saith,32
says,53
scents,78
seal,34
secure,82
seeing,76
seem,62
seen,65
seeth,53
self,41
self-slain,86
send,75
serve,77
service,79
severe,90
shadows,79
shameless,101
shape,40
shattered,104
shed,54
sheets,68
shoot,47
showed,72
shrine,69
shrinking,108
shrouds,105
shunned,127
sighing,64
Sight,38
signs,65
Silence,68
Sin,39
Sing,50
single,64
sister,66
six,21
Sixty-one,95
skew-wise,89
skies,60
slave,56
smooth,68
soft,46
soften,83
soldiers,91
solve,61
son,49
song,60
sorroweth,96
souls,66
space-marks,111
spangles,88
spare,51
sparks,70
spears,66
spectre,70
Spelling,69
sphere,62
spices,49
splendrous,144
spring,68
squared,111
stain,53
stamp,54
standeth,101
stands,91
star-lit,53
star-splendour,172
starlight,67
starry,75
state,51
stature,90
steel,51
stones,86
stooping,83
store,61
strange,91
strangely,110
streets,88
Strive,73
stronger,110
study,90
subtlety,110
suddenly,142
sufferer,118
Sunset,101
support,81
surpass,93
swear,55
sweat,50
sweet-smelling,144
sweeter,85
sweetnesses,153
swell,38
swords,85
symbols,100
T,9
Ta-Nech,56
Tahuti,51
taken,68
talk,32
task,46
tenderness,163
terrible,84
test,46
Theban,74
Thelemites,97
thereon,86
thereupon,115
third,49
Those,50
threefold,98
Thrill,28
throughout,119
tomb,60
tongues,107
too,29
top,23
torment,100
torn,57
torture,94
toy,37
traitors,76
trance,67
translated,118
trees,64
tremble,91
tribulation,117
tried,59
trodden,116
trouble,92
true,61
truly,67
truth,60
try,41
Tum,55
twin,41
ultimate,83
unassuaged,161
unattacked,132
undergo,120
understandeth,200
undesired,150
unfit,70
unimaginable,149
union,83
unique,103
Unity,76
Universe,126
unknown,132
unlike,80
until,59
untouched,134
unutterable,158
unveils,100
uplifted,87
use,53
V,22
vault,62
veiled,72
veilèd,72
veiling,71
venom,90
verily,68
vice,37
victory,75
vigour,82
virtuous,120
visible,71
visit,46
vital,37
wanga,53
want,46
war-engine,112
warriors,80
was,28
wast,37
weakness,110
weave,61
wet,30
wheel,38
wheels,53
whence,63
whereof,73
while,25
Whose,49
Whosoever,108
wickedness,130
wife,33
willing,45
winged,79
winners,98
Withdraw,70
without,64
woes,46
wonderful,130
woods,66
working,84
worm,53
worshipper,85
worshippers,100
wrath,39
wretched,85
writest,68
writings,81
wrong,67
Y,18
Yea,36
yearn,74
yonder,102
yours,82
Θελημα,93
צ,90